Epoch,sequential
1,1.401913046836853
2,1.3850828409194946
3,1.3851923942565918
4,1.3943942785263062
5,1.3985891342163086
