Epoch,sequential
1,1.3930094242095947
2,1.3931466341018677
3,1.3932634592056274
4,1.3933886289596558
5,1.3935449123382568
6,1.3937817811965942
7,1.3938087224960327
8,1.393855094909668
