Epoch,sequential
1,0.392516165971756
2,0.46611037850379944
3,0.4227009117603302
4,0.42730167508125305
5,0.4796197712421417
6,0.49311360716819763
