Epoch,sequential
1,0.21793018281459808
2,0.13413479924201965
3,0.15729475021362305
4,0.3765518069267273
5,0.2287733554840088
6,0.28025323152542114
