Epoch,sequential
1,1.467444658279419
2,1.4671911001205444
3,1.4646583795547485
4,1.4642739295959473
5,1.46340012550354
6,1.4629535675048828
7,1.4627175331115723
8,1.46261727809906
