Epoch,train_loss,test_loss,test_acc,test_prec,test_rec,test_f1
1,0.31180930328060535,0.05261078378404227,0.9869744058500914,0.989242863053372,0.9872006606110653,0.9882207067575945
2,0.0563240178035501,0.02229081586188761,0.9956581352833638,0.9966928482844151,0.9954582989265071,0.9960751910762239
3,0.029737116031645115,0.051138151744536335,0.9906307129798904,0.9833536337799431,1.0,0.9916069600818833
4,0.017661477759338483,0.033603660829032586,0.9961151736745887,0.9938398357289527,0.9991742361684558,0.9964998970557958
5,0.008664568262316721,0.030906218449387405,0.9961151736745887,0.9958762886597938,0.9971098265895953,0.9964926758819889
6,0.00843211606812462,0.027328852619551976,0.9965722120658135,0.9958796868562011,0.9979355904211396,0.9969065786760156
7,0.0011763522313843686,0.035760701444724464,0.9961151736745887,0.9942457870941225,0.9987613542526838,0.9964984552008239
8,3.861962527627283e-06,0.034038018216907745,0.9963436928702011,0.9950617283950617,0.9983484723369116,0.9967023907666942
9,0.00202616515222379,0.03330610678703054,0.9963436928702011,0.9950617283950617,0.9983484723369116,0.9967023907666942
