Epoch,sequential
1,1.213112473487854
2,1.2138210535049438
3,1.2142928838729858
4,1.2146894931793213
5,1.215175747871399
6,1.2153722047805786
7,1.215622067451477
8,1.2157076597213745
