Epoch,sequential
1,1.3010423183441162
2,1.3010095357894897
3,1.3015109300613403
4,1.3029183149337769
5,1.3035650253295898
