Epoch,sequential
1,1.4537687301635742
2,1.4382319450378418
3,1.4297815561294556
4,1.427828311920166
5,1.4261223077774048
6,1.4277739524841309
7,1.4272211790084839
