Epoch,sequential
1,1.1389241218566895
2,1.1395701169967651
3,1.1400420665740967
4,1.140256404876709
5,1.140372395515442
6,1.1404964923858643
7,1.1405766010284424
8,1.140602946281433
