Epoch,sequential
1,1.4934204816818237
2,1.489174485206604
3,1.487290620803833
4,1.4894740581512451
5,1.4900352954864502
