Epoch,sequential
1,1.5696780681610107
2,1.5681874752044678
3,1.5676684379577637
4,1.5684549808502197
5,1.5696470737457275
6,1.5706865787506104
7,1.5711373090744019
8,1.5717887878417969
