Epoch,train_loss,test_loss,test_acc,test_prec,test_rec,test_f1
1,0.32584136614267434,0.2057553464699754,0.9241316270566727,0.9354166666666667,0.9269199009083402,0.9311489008710079
2,0.19917711494854212,0.3341260664946787,0.9051645338208409,0.9762695775984812,0.8492981007431875,0.9083682932214617
3,0.15512523562751446,0.28167037879990797,0.9298446069469836,0.9652441706995161,0.9058629232039637,0.9346112886048988
4,0.1071285879018928,0.3048316835813279,0.9412705667276051,0.956173619890434,0.9368290668868704,0.9464025026068822
5,0.07511755428113336,0.39755935834640377,0.9360146252285192,0.96484375,0.9178364987613542,0.9407532797291579
6,0.03952123769585675,0.5144682528052394,0.9287020109689214,0.9684724689165186,0.9004954582989265,0.9332477535301669
7,0.03147872911809643,0.5268773239152209,0.9325868372943327,0.9666520403685828,0.9095788604459125,0.9372473941714529
8,0.01742618257850582,0.5904870416818239,0.9314442413162706,0.9665787159190853,0.9075144508670521,0.9361158432708688
