Epoch,sequential
1,0.35408657789230347
2,0.34160491824150085
3,0.2641155421733856
4,0.2529450058937073
5,0.28364041447639465
